stamp,sample_frame_count,joint1,joint2,joint3,joint4,joint5,joint6,joint7,joint1_velocity,joint2_velocity,joint3_velocity,joint4_velocity,joint5_velocity,joint6_velocity,joint7_velocity,joint1_effort,joint2_effort,joint3_effort,joint4_effort,joint5_effort,joint6_effort,joint7_effort,joint1_effort_stddev,joint2_effort_stddev,joint3_effort_stddev,joint4_effort_stddev,joint5_effort_stddev,joint6_effort_stddev,joint7_effort_stddev
1785211611.1505992,51,-0.002539396286010742,1.2270123958587646,-0.17167353630065918,0.00455164909362793,0.516034953734454,-0.0012936592102050781,-0.010588884353637695,0.012210845947265625,-0.012210845947265625,-0.012210845947265625,-0.012210845947265625,0.012210845947265625,-0.0073261260986328125,-0.0073261260986328125,0.05372428894042969,-10.687255990271474,-8.223036036771887,-0.03469080083510455,-1.5513469658645929,-0.014924928253772212,-0.012913881563672833,0.0,0.004769281184708786,0.006317641366233578,0.004852934670077182,0.0029201661525488083,0.0020412293267673205,0.0009397359093656275
1785211621.9506443,51,-0.0051267147064208984,1.1957728862762451,-0.41344428062438965,-0.004072666168212891,0.42714715003967285,-0.0043599605560302734,-0.02620863914489746,0.012210845947265625,-0.012210845947265625,-0.012210845947265625,-0.012210845947265625,0.012210845947265625,-0.0073261260986328125,-0.0073261260986328125,0.010821847354664522,-10.521199637768316,-8.622183930640126,-0.08106029734892004,-1.528592913758521,0.0409538325141458,-0.022940439336440143,0.004768815571003357,0.006438271532578106,0.00580928460198867,0.004473376113765325,0.0038774113106254116,0.00199580385860553,0.0015455377928465964
1785211626.8505957,51,-0.0051267147064208984,1.1962521076202393,-0.6399784088134766,-0.004072666168212891,0.4271847360274371,-0.0044558048248291016,-0.02620863914489746,0.012210845947265625,-0.012210845947265625,-0.012210845947265625,-0.012210845947265625,0.012210845947265625,-0.0073261260986328125,-0.0073261260986328125,0.005841947069355086,-10.553759892781576,-8.306351624283137,-0.08054318147547104,-1.4233569724887025,0.04710193708831189,-0.023515060836193608,0.006771855483488976,0.005610247848450767,0.006123020136910154,0.004238037224724103,0.0038427736916442218,0.0021483818864008915,0.0017959929144821297
1785211631.650622,51,-0.0051267147064208984,1.196347951889038,-0.9327287673950195,-0.004063269671271829,0.4272429943084717,-0.0043599605560302734,-0.02620863914489746,0.012210845947265625,-0.012210845947265625,-0.012210845947265625,-0.012210845947265625,0.012210845947265625,-0.0073261260986328125,-0.0073261260986328125,0.004118077895220588,-10.416624723696241,-6.568986892700195,-0.07864708993949142,-1.1776340709013098,0.04690083335427677,-0.020958091698440852,0.0069325972212748235,0.005210230061771537,0.0,0.003490266129536279,0.0021632509020051136,0.002921372936690616,0.0018124651097111708
1785211644.7506158,51,-0.00503087043762207,1.196443796157837,-0.9715385437011719,-0.004072666168212891,0.4317923012901755,-0.0044558048248291016,-0.02620863914489746,0.012210845947265625,-0.012210845947265625,-0.012210845947265625,-0.012210845947265625,0.012210845947265625,-0.0073261260986328125,-0.0073261260986328125,-0.007565816243489583,-10.422178997712976,-6.233235340492398,-0.08071555343328737,-1.6839042364382277,0.05106659964019177,-0.023400147755940754,0.0075112249927200775,0.0048753094300074545,0.004722901335503913,0.003694956860524784,0.004860548611450163,0.0018078590316684263,0.002079278398658495
1785211649.7506962,51,-0.00503087043762207,1.0688984394073486,-0.8421726226806641,-0.004072666168212891,0.43183176657732797,-0.0044558048248291016,-0.02620863914489746,0.012210845947265625,-0.012210845947265625,-0.012210845947265625,-0.012210845947265625,0.012210845947265625,-0.0073261260986328125,-0.0073261260986328125,-0.007757149490655637,-10.673657379898371,-7.257343909319709,-0.07899183385512408,-1.8174959444532208,0.05253175660675647,-0.021963633742986943,0.007565068419863302,0.0059032383904590955,0.006798531257314398,0.0030592987644314632,0.0020395325096209753,0.0024071262530682242,0.001341396510988229
1785211653.7506428,52,-0.00503087043762207,0.9306204319000244,-0.7065777778625488,-0.004072666168212891,0.43180249287531924,-0.0043599605560302734,-0.02620863914489746,0.012210845947265625,-0.012210845947265625,-0.012210845947265625,-0.012210845947265625,0.012210845947265625,-0.0073261260986328125,-0.0073261260986328125,-0.0035694195674015926,-10.05654158959022,-7.763501570774959,-0.07988186982961801,-1.9318681863638072,0.04471681668208195,-0.02192165759893564,0.005428496912200565,0.006342438394220814,0.00964266164173348,0.003923982740277338,0.004310501647657105,0.0020619445342819494,0.0021010158904642626
1785211657.5506256,51,-0.00503087043762207,0.7586119174957275,-0.5370623784906724,-0.004072666168212891,0.4317471981048584,-0.0043599605560302734,-0.02620863914489746,0.012210845947265625,-0.012210845947265625,-0.012210845947265625,-0.012210845947265625,0.012210845947265625,-0.0073261260986328125,-0.0073261260986328125,-0.008714937696269914,-9.242548325482536,-8.23720926396987,-0.0799398796231139,-2.035725144778981,0.044602454877367206,-0.022337128134334788,0.006438438426181126,0.004450962786416735,0.004017362490993833,0.003940122839093921,0.004520040941950386,0.0023286705586518575,0.0016628207391340113
1785211662.9506147,51,-0.00503087043762207,0.5132956504821777,-0.3131136894226074,-0.004072666168212891,0.43165135383605957,-0.0043599605560302734,-0.02620863914489746,0.012210845947265625,-0.012210845947265625,-0.012210845947265625,-0.012210845947265625,0.012210845947265625,-0.0073261260986328125,-0.0073261260986328125,-0.005650613822189032,-3.7105983659332873,-8.149680474225212,-0.07916420581294041,-2.0964875875734816,0.045119584775438495,-0.022595676721311082,0.005060294653731235,0.004723362421253742,0.00632921039096276,0.004384486677070434,0.003176043951233519,0.0018418280601037523,0.0015032871823429967
1785211666.9505928,51,-0.00503087043762207,0.21929931640625,-0.022567033767700195,-0.004072666168212891,0.43059730529785156,-0.0043599605560302734,-0.02620863914489746,0.012210845947265625,-0.012210845947265625,-0.012210845947265625,-0.012210845947265625,0.012210845947265625,-0.0073261260986328125,-0.0073261260986328125,-0.00852360444910386,-1.1259062897925283,-8.360746047076058,-0.08002606560202206,-1.9385047800400679,0.038799075519337374,-0.022107311323577284,0.004722440249754083,0.0059897876320007225,0.006489549460765251,0.004377704791066349,0.006535533260149587,0.0015756951208649027,0.0015938819287924402
1785211672.050661,51,-0.002443552017211914,-0.0002396106719970703,-0.0030860339894014247,-0.0039768218994140625,0.007618427276611328,-0.0011019706726074219,-0.0034017562866210938,0.012210845947265625,-0.012210845947265625,-0.012210845947265625,-0.012210845947265625,0.012210845947265625,-0.0073261260986328125,-0.0073261260986328125,0.061576618867761945,-0.8010725133559283,-8.728674140630984,-0.031242987688849953,-1.5838399400898056,0.013086272220985563,0.014666379666795917,0.0038779893359416977,0.004882827259345831,0.002904831874077742,0.003490430058866412,0.0033381931251736303,0.001770998893913729,0.0021784904330583287
1785211675.8505888,51,-0.002443552017211914,-0.00033545494079589844,-0.0031142234802246094,-0.0039768218994140625,-0.2970147132873535,-0.00119781494140625,-0.00359344482421875,0.012210845947265625,-0.012210845947265625,-0.012210845947265625,-0.012210845947265625,0.012210845947265625,-0.0073261260986328125,-0.0073261260986328125,0.045871772018133423,-0.7579785515280331,-8.621417849671607,-0.03779379526774088,-1.4170653960284065,-0.001738132215013691,-0.0024850602243460863,0.005809472647387498,0.006771263097232575,0.0053490600943756315,0.004544505576763878,0.003095504743795854,0.0020617120658382258,0.0010864073384185464
1785211680.6505964,49,-0.002443552017211914,-0.0005271434783935547,-0.2247612476348877,-0.0039768218994140625,-0.14838743209838867,-0.0012936592102050781,-0.00359344482421875,0.012210845947265625,-0.012210845947265625,-0.012210845947265625,-0.012210845947265625,0.012210845947265625,-0.0073261260986328125,-0.0073261260986328125,0.05372428894042969,-0.6926311570770887,-9.22409117951685,-0.04310399658825933,-2.543574800296706,0.0031845472296889946,-0.0026762096249327368,0.006240247515420327,0.004800680186835725,0.00378253042335176,0.005269090936673398,0.004643849236426522,0.001735834956514354,0.0014618202701123096
1785211685.2506013,52,-0.002443552017211914,-0.0001437664031982422,-0.7669486999511719,-0.0039768218994140625,-0.1484832763671875,-0.0012936592102050781,-0.00359344482421875,0.012210845947265625,-0.012210845947265625,-0.012210845947265625,-0.012210845947265625,0.012210845947265625,-0.0073261260986328125,-0.0073261260986328125,0.04996754572941707,-0.569549927344689,-7.516859017885649,-0.04328005130474384,-1.8917157649993896,0.006931492915520301,-0.002479557807628925,0.006397503161790489,0.0038495162723599288,0.0018785550044133114,0.0030942532116994817,0.004137039344695565,0.0018085959490977245,0.0008639128442248012
1785211691.1506014,51,0.2989311218261719,0.27928686141967773,-0.6422781944274902,-0.0039768218994140625,-0.1485885171329274,-0.0013895034790039062,-0.00359344482421875,0.012210845947265625,-0.012210845947265625,-0.012210845947265625,-0.012210845947265625,0.012210845947265625,-0.0073261260986328125,-0.0073261260986328125,-0.10601122239056755,-2.2203061720904183,-7.079987600737927,-0.04072430554558249,-2.0484810436473175,0.016102860955631033,-0.002140325658461627,0.0046677534069892385,0.0038779893359416977,0.006264982277601478,0.004227507923425203,0.003829218892117287,0.0026651688822312506,0.0015614626435275
1785211706.7506616,51,0.0639643669128418,0.24143528938293457,-0.3305540084838867,-1.1922274827957153,0.5237407684326172,-0.0018684864044189453,-0.0067555904388427734,0.012210845947265625,-0.012210845947265625,-0.012210845947265625,-0.012210845947265625,0.012210845947265625,-0.0073261260986328125,-0.0073261260986328125,-0.20139368842629826,-2.933563269820868,-8.805860612906661,-0.6619692409739775,-0.43865546058205995,0.681333018284218,0.04856711742924709,0.006601756823683123,0.005707912649193182,0.0043253471726576245,0.006292415203466568,0.002792744905711326,0.0017737767329281408,0.0015845770741167965
1785211714.0506425,52,0.39322471618652344,0.2330026626586914,-0.32375049591064453,-1.1925148963928223,-0.7567908763885498,-0.0019643306732177734,-0.0067555904388427734,0.012210845947265625,-0.012210845947265625,-0.012210845947265625,-0.012210845947265625,0.012210845947265625,-0.0073261260986328125,-0.0073261260986328125,-0.42716235380906326,-3.013807223393367,-7.368085090930645,0.9974641433128943,-0.16923055282005897,0.6860241706554706,0.054240602713364824,0.005940721323844755,0.0018783716055063102,0.0038498921282740435,0.0034852016574551136,0.005782782362194121,0.0019347508385247475,0.0009740156893457558
1785211722.3506265,51,0.6980493068695068,0.3568105697631836,-0.35431909561157227,-1.1795783042907715,-0.7567908763885498,0.8900859355926514,-0.0067555904388427734,0.012210845947265625,-0.012210845947265625,-0.012210845947265625,-0.012210845947265625,0.012210845947265625,-0.0073261260986328125,-0.0073261260986328125,0.08207100512934666,-3.2850202298631856,-7.473580865299001,0.35074327506271064,-0.12708456376019647,0.3561444750019148,0.03911512038286995,0.002905115465981879,0.003878746607829208,0.004768815571003357,0.0027931604104870253,0.002909973569434754,0.0027103154640675184,0.001422048836905151
1785211730.7507658,51,0.6983368396759033,0.3191506862640381,-0.2963440418243408,-0.86248779296875,-0.7565994262695312,0.7087817192077637,0.6385409832000732,0.012210845947265625,-0.012210845947265625,-0.012210845947265625,-0.012210845947265625,0.012210845947265625,-0.0073261260986328125,-0.0073261260986328125,0.16806759553797104,-3.163015178605622,-7.139553257063324,0.43650081110935585,-0.12441279841404335,0.355627368478214,-0.08829996632594689,0.0044505282493878945,0.004533081151780706,0.006466667010559099,0.0026141501723370717,0.0037960985950177516,0.0024156566181846926,0.0011455737092276813
1785211737.3506167,51,0.7402129173278809,-0.2186284065246582,-0.04499053955078125,-1.0039373425876392,-0.7548744678497314,0.9424073696136475,0.6164050102233887,0.012210845947265625,-0.012210845947265625,-0.012210845947265625,-0.012210845947265625,0.012210845947265625,-0.0073261260986328125,-0.0073261260986328125,0.517417683320887,2.392492406508502,-7.900691892586503,0.3038567748724246,-0.5220853955137963,0.3658263402826646,-0.06994178715874166,0.0048753094300074545,0.004837545039259486,0.006317458255390484,0.0021251442209643204,0.0019615595564411933,0.0012549266086260228,0.0006215633543519883
1785211747.7507608,51,0.06952214241027832,0.07718849182128906,-0.2165203094482422,-1.2899705171585083,-0.7501790523529053,1.3292596340179443,0.5907235145568848,0.012210845947265625,-0.012210845947265625,-0.012210845947265625,-0.012210845947265625,0.012210845947265625,-0.0073261260986328125,-0.0073261260986328125,0.20101079753800935,-0.6859631257898667,-8.20541550131405,0.9022622388951919,-0.005731844434551164,0.3262658867181516,-0.002542547151154163,0.005060294653731235,0.004358926660245325,0.004875785441472989,0.005119185970849785,0.0017451330647681395,0.0008560954051137791,0.0012841685208543115
1785211766.8506174,50,-0.3123469352722168,0.4064488410949707,-0.6641268730163574,-0.5722289085388184,0.24708914756774902,0.0752718448638916,0.538210391998291,0.012210845947265625,-0.012210845947265625,-0.012210845947265625,-0.012210845947265625,0.012210845947265625,-0.0073261260986328125,-0.0073261260986328125,0.6691093444824219,-5.192673969268799,-8.684737396240234,-0.8290108680725098,-1.6536265373229981,0.49509153366088865,0.04249083995819092,0.0,0.0029305458068847657,0.004785094060055792,0.002367041072471898,0.004417730323157538,0.00198748178693461,0.0015014020896585007
1785211774.3505883,51,-0.42647647857666016,0.37722158432006836,-0.30190181732177734,-0.5775783202227425,0.03828263282775879,0.35326504707336426,0.6716010570526123,0.012210845947265625,-0.012210845947265625,-0.012210845947265625,-0.012210845947265625,0.012210845947265625,-0.0073261260986328125,-0.0073261260986328125,0.5404002993714576,-3.6698023104200175,-7.798798355401731,-0.7834950989367915,-1.6771814869899375,0.5615887174419328,-0.07054516848395853,0.005707551201123313,0.003878746607829208,0.002904831874077742,0.0025884506389428187,0.007458100948642744,0.0016996478283612657,0.0016623065968865635
1785211783.7506013,51,-0.24133944511413574,-0.1994631290435791,-0.43260955810546875,-0.529106855392456,0.11312341690063477,0.10814046859741211,0.6832921504974365,0.012210845947265625,-0.012210845947265625,-0.012210845947265625,-0.012210845947265625,0.012210845947265625,-0.0073261260986328125,-0.0073261260986328125,-0.5352290658389821,2.6667627446791706,-8.598051052467495,-0.4030596976186715,-1.368713808994667,0.426818894404991,-0.04612512681998458,0.0044505282493878945,0.004882827259345831,0.007756405794589473,0.0032591521647988213,0.003095879611389605,0.0022290539251857496,0.0017285471587667658
1785211813.2506604,50,-0.27995753288269043,-0.16573238372802734,-0.15001678466796875,-2.152027130126953,-0.42408084869384766,1.0151398181915283,-0.142350435256958,0.012210845947265625,-0.012210845947265625,-0.012210845947265625,-0.012210845947265625,0.012210845947265625,-0.0073261260986328125,-0.0073261260986328125,0.14046379089355468,1.5003664016723632,-8.980512771606445,0.9539341735839844,0.3914728546142578,0.5767032623291015,-0.03674723625183105,0.003174072316752682,0.0029302597045898437,0.006945558554225267,0.004503456759851877,0.0028021000926741423,0.0010256494811538984,0.001138330569143435
1785211819.6505916,51,-0.7783520221710205,-0.21546626091003418,0.2822573184967041,-1.9642069339752197,-0.10442205036387724,1.1331984996795654,-0.520578145980835,0.012210845947265625,-0.012210845947265625,-0.012210845947265625,-0.012210845947265625,0.012210845947265625,-0.0073261260986328125,-0.0073261260986328125,0.41801295560948987,3.445138968673407,-6.971198642955107,0.31661269244025736,0.03288080178055109,0.7233641708598417,0.037104069017896465,0.0044505282493878945,0.005809472647387498,0.0037239426429856084,0.005320246461779885,0.003940548236413623,0.0014513326959147978,0.0019615942702269924
1785211863.0506372,51,0.03349137306213379,-0.2097165584564209,0.07440948486328125,-0.6073973178863525,-0.4680652618408203,1.1447932720184326,2.1295082569122314,0.012210845947265625,-0.012210845947265625,-0.012210845947265625,-0.012210845947265625,0.012210845947265625,-0.0073261260986328125,-0.0073261260986328125,0.15140342712402344,2.7516100266400505,-7.9476165771484375,0.3545359443215763,-0.834259594188017,0.25208646175908106,-0.003576816297044941,0.0,0.0038779893359416977,0.005477958070612142,0.0030618811081905744,0.004377704791066349,0.0014598252877570726,0.002328699972811313
1785211869.3506923,51,0.5981020927429199,-0.09137082099914551,0.42369747161865234,-0.8057584762573242,-0.730622880599078,1.0238597393035889,2.4596307277679443,0.012210845947265625,-0.012210845947265625,-0.012210845947265625,-0.012210845947265625,0.012210845947265625,-0.0073261260986328125,-0.0073261260986328125,0.022504582124597886,1.664870767032399,-6.636788050333659,0.6562807793710747,-0.9367375841327742,0.5481433400920793,-0.13926595332575778,0.0038779893359416977,0.0035727637893727487,0.0056101827326421405,0.0032591521647988213,0.0039962794402758,0.002172798913380175,0.0014598547280263716
1785211885.4506934,51,-0.3513484001159668,-0.13525938987731934,0.4013700485229492,-0.7010106058681712,0.12059783935546875,1.5268537998199463,1.2114884853363037,0.012210845947265625,-0.012210845947265625,-0.012210845947265625,-0.012210845947265625,0.012210845947265625,-0.0073261260986328125,-0.0073261260986328125,0.2686195373535156,2.1783613317153034,-6.624721863690545,-0.23154483121984146,-0.6617966820211971,0.8160166132683847,0.007886227439431584,0.0,0.006522944400256968,0.004450962786416735,0.0037646603841999175,0.004211664615011078,0.0012396989177392182,0.002925336450656701
1785211891.8506002,46,0.006276607513427734,-0.22092843055725098,-0.08082962036132812,-0.9198880195617676,0.042061753894971764,1.3100732824076777,1.1967313289642334,0.012210845947265625,-0.012210845947265625,-0.012210845947265625,-0.012210845947265625,0.012210845947265625,-0.010511398315429688,-0.00891876220703125,0.412805059681768,2.550087887307872,-8.069862469382908,-0.6097468915192977,-0.8037264243416165,0.5575409453848134,0.06297181481900423,0.03522998494684163,0.004842043629466086,0.006510575384387784,0.0034186445512511313,0.0035755146105166066,0.019503951187254016,0.004285257652540126
1785211907.7506378,51,0.18020224571228027,-0.23185253143310547,-0.7200894355773926,-0.5832488536834717,1.20487642288208,-0.6922996044158936,0.7768189907073975,0.012210845947265625,-0.012210845947265625,-0.012210845947265625,-0.012210845947265625,0.012210845947265625,-0.0073261260986328125,-0.0073261260986328125,0.07823985230688955,2.6060470132266773,-7.485072827806659,0.05899573307411343,-1.6096098095762963,-0.10022266705830891,-0.018631051568424,0.004883780750316217,0.0044505282493878945,0.004017754734939449,0.002995505255564281,0.005806199774763419,0.0017470620172002568,0.0012751564862634036
1785211912.1506064,37,0.17157769203186035,-0.13243634636337692,-0.764980277499637,-0.6674237186844284,1.3890424193562687,-0.7878490911947714,0.6835406213193327,0.012210845947265625,-0.012210845947265625,-0.00891061731286951,-0.012210845947265625,0.012210845947265625,-0.0073261260986328125,-0.009306160179344384,0.021252193966427364,1.7422698768409524,-7.064779204291266,-0.144164008063239,-0.9287199071935706,-0.2064944215722986,0.11034553115432327,0.013252691880580848,0.3431576812375185,0.2191901140482905,0.06559537134203106,0.08740643896627265,0.016533180349481993,0.03522554946288571
1785211936.5506387,51,-1.1519801616668701,0.13842153549194336,-0.5874655246734619,-0.28235316276550293,1.5700719356536865,0.14139223098754883,0.09616208076477051,0.012210845947265625,-0.012210845947265625,-0.012210845947265625,-0.012210845947265625,0.012210845947265625,-0.0073261260986328125,-0.0073261260986328125,-0.21326828002929688,-1.2316309984992533,-7.409035589180741,-0.3006678936528225,-0.9827621310364967,0.3033972534478879,-0.026761452356974285,0.0068840804806493214,0.0064664676281516046,0.0043253471726576245,0.0036157046906835732,0.003119772855737983,0.0009733862812451534,0.00208402984533933
1785211956.2506154,51,-0.9906079769134521,-0.22380304336547852,-0.568108320236206,-0.12720990180969238,1.4552620976578956,0.021512985229492188,0.10392403602600098,0.012210845947265625,-0.012210845947265625,-0.012210845947265625,-0.012210845947265625,0.012210845947265625,-0.0073261260986328125,-0.0073261260986328125,0.4371668871711282,2.806386723237879,-7.506715681038651,-0.688687661114861,-0.850808255812701,0.041298562405156156,0.000732576145845301,0.004256750116450829,0.0038779893359416977,0.0043253471726576245,0.0045816583117877195,0.004027753982733212,0.002713985809580197,0.0012310153863102635
1785211965.850598,51,-2.2483327388763428,-0.019404888153076172,0.16841530799865723,-0.09798264503479004,0.006659746170043945,-1.3164187669754028,-0.06041884422302246,0.012210845947265625,-0.012210845947265625,-0.012210845947265625,-0.012210845947265625,0.012210845947265625,-0.0073261260986328125,-0.0073261260986328125,0.02039785946116728,0.31056493871352253,-7.44523463529699,0.7404870612948549,-1.0193927054311716,-0.6600732102113611,-0.018458642211614872,0.004807119925870336,0.004451397323445576,0.004450962786416735,0.0035850870300195357,0.003501056746438965,0.0014507419382998995,0.0015147989864673626
1785211976.750611,52,-2.3088953495025635,0.033683061599731445,0.21853280067443848,-0.11221105318803054,-0.12232279777526855,-1.1625211238861084,-0.23223590850830078,0.012210845947265625,-0.012210845947265625,-0.012210845947265625,-0.012210845947265625,0.012210845947265625,-0.0073261260986328125,-0.0073261260986328125,0.5105667114257812,0.3877143859863281,-6.53836780328017,1.0171598837925837,-1.1655116814833422,-0.3133840194115272,0.04294163447159987,0.004116109612599095,0.0038502679841881577,0.008133962477762975,0.003581665473752554,0.0036455236776416346,0.0011549179732445165,0.0016764731570674907
1785211987.4506078,51,-2.2929885387420654,-0.0027310848236083984,0.27938270568847656,-0.00943899154663086,-0.18141979329726277,-1.2061221599578857,-0.2661585807800293,0.012210845947265625,-0.012210845947265625,-0.012210845947265625,-0.012210845947265625,0.012210845947265625,-0.0073261260986328125,-0.0073261260986328125,0.06234269983628217,0.5850269841212853,-7.37494317223044,0.18560675078747318,-1.2876102410110772,-0.7117862093682382,0.017855321659761315,0.005348869268689679,0.004769746798414214,0.004882827259345831,0.003490266129536279,0.003047134506458205,0.0015969789000909434,0.0025210044153883707
1785211992.450606,51,-2.2758352756500244,-0.1173398494720459,0.503521203994751,0.029831213109633502,-0.29041228574865,-1.2383201122283936,-0.39945363998413086,0.012210845947265625,-0.012210845947265625,-0.012210845947265625,-0.012210845947265625,0.012210845947265625,-0.0073261260986328125,-0.0073261260986328125,0.4444446563720703,2.5505042356603287,-6.144940095789292,0.5705237295113358,-0.7951302060893938,-0.73160953615226,0.15495222690058688,0.0,0.004768815571003357,0.004807119925870336,0.004791083034156606,0.002897182414899907,0.0026704299600142966,0.00308219344394063
1785212011.7506018,51,2.3008460998535156,0.04393649101257324,0.02965831756591797,0.09597978872411392,0.16568540124332204,1.215608835220337,0.1088111400604248,0.012210845947265625,-0.012210845947265625,-0.012210845947265625,-0.012210845947265625,0.012210845947265625,-0.0073261260986328125,-0.0073261260986328125,0.0985419329474954,-1.184898152070887,-8.299073368895288,-0.777979196286669,-1.1306617587220436,0.4824678430370256,0.031099618649950214,0.004807119925870336,0.0038779893359416977,0.005349200699744369,0.002935388668305445,0.0044450580507518645,0.0010977368577748156,0.002917138327551599
1785212018.2506094,51,2.3008460998535156,0.04249930381774902,0.02965831756591797,0.11657309532165527,0.16573238372802734,1.2119677066802979,0.49834656715393066,0.012210845947265625,-0.012210845947265625,-0.012210845947265625,-0.012210845947265625,0.012210845947265625,-0.0073261260986328125,-0.0073261260986328125,0.06732222613166361,-0.8508696836583755,-8.299839431164312,-1.1592760273054534,-1.0823097042008942,0.5289233525594076,0.013430988087373622,0.004768815571003357,0.004768815571003357,0.003878367971885453,0.0038525206203709915,0.0043592405302627655,0.0013096374049100606,0.002540593178730221
1785212033.350634,51,2.248332977294922,-0.1351635456085205,0.5199074745178223,-0.026774308260749367,-0.07095980644226074,1.2751171588897705,0.8039376735687256,0.012210845947265625,-0.012210845947265625,-0.012210845947265625,-0.012210845947265625,0.012210845947265625,-0.0073261260986328125,-0.0073261260986328125,0.3701309877283433,2.0630606109020757,-5.875649470908969,-0.775393336426978,-1.2942467857809627,0.5130359892751656,-0.054341760336184035,0.004768815571003357,0.006206346025067686,0.005959012042305388,0.0036160122586253556,0.003735226360126658,0.0021287047955942753,0.002095891133583509
1785212059.8506095,51,2.3064041137695312,0.04690718650817871,0.10028243064880371,-0.002347707748413086,0.11963963508605957,1.1735413074493408,-2.6027958393096924,0.012210845947265625,-0.012210845947265625,-0.012210845947265625,-0.012210845947265625,0.012210845947265625,-0.0073261260986328125,-0.0073261260986328125,0.16806759553797104,0.04778716143439798,-7.1941393870933386,-0.9998277215396657,-1.717259070452522,0.4627019751305674,-0.10999062014561073,0.00620596513870588,0.004768815571003357,0.0043253471726576245,0.005292005545742726,0.0027121529416543632,0.0015969789000909434,0.0022893360831831417
1785212067.9506106,52,2.2453622817993164,-0.07469701766967773,0.415360689163208,-0.05353744213397686,-0.03004169464111328,1.2373616695404053,-2.4141130447387695,0.012210845947265625,-0.012210845947265625,-0.012210845947265625,-0.012210845947265625,0.012210845947265625,-0.0073261260986328125,-0.0073261260986328125,0.24626691524799055,0.7923362438495343,-6.6606556085439825,-0.7894336443680984,-1.203804034453172,0.6479289348308856,0.027303461845104512,0.004425150096942087,0.004751946052469773,0.00475241001908298,0.004067044730158788,0.005974173074000312,0.0014463744161579122,0.002092500700779265
1785212144.150661,51,-2.287238836288452,-0.061089515686035156,0.2825448513031006,-0.13315129280090332,-0.27918162065393787,-1.3466999530792236,2.8741767406463623,0.012210845947265625,-0.012210845947265625,-0.012210845947265625,-0.012210845947265625,0.012210845947265625,-0.0073261260986328125,-0.0073261260986328125,0.3203338174258961,0.7491684333950865,-6.989968599057665,0.11200201745126762,-0.8077997693828508,-0.450779260373583,0.030697397157257677,0.0044505282493878945,0.005809472647387498,0.005210230061771537,0.0038427736916442218,0.0023162022031317534,0.0013723982723779632,0.0014009936228951102
1785212152.1506264,51,-2.276409864425659,-0.1744523048400879,0.5403187274932861,-0.11201087166281308,-0.3896791934967041,-1.332532667646221,2.7058093547821045,0.012210845947265625,-0.012210845947265625,-0.012210845947265625,-0.012210845947265625,0.012210845947265625,-0.0073261260986328125,-0.0073261260986328125,0.052383647245519305,2.1574854383281634,-5.486461246714873,0.7704803242402918,-1.61021313012815,-0.30612654779471604,0.03227752797743853,0.0054776128535215,0.006404159406459014,0.0037239426429856084,0.0037253650651180538,0.0034498734595840626,0.007639653612345212,0.001975436601753926
1785212178.350628,51,-0.002443552017211914,1.1684625148773193,-0.10315752029418945,-0.005624490625718061,0.522677084978889,-0.0010061264038085938,-0.004072666168212891,0.012210845947265625,-0.012210845947265625,-0.012210845947265625,-0.012210845947265625,0.012210845947265625,-0.0073261260986328125,-0.0073261260986328125,0.06713089288449754,-7.7578110227397845,-6.777945387597177,-0.029777732549929152,-0.900797077253753,0.0784744468389773,0.17339655464770748,0.00772793571750638,0.006206320043685641,0.004769281184708786,0.0027633326986175,0.0021769425000924595,0.0016771650970214549,0.0015990752393605135
